Workbook

Sheet Sheet1
A1: Timestamp | B1: Sample prefix | C1: Sample number | D1: Sample_name_desc | E1: Collector | F1: Broad-scope substrate | G1: Lat-Long | H1: Sample description | I1: Item (sink, toilet, P-trap, etc.) | J1: Volume | K1: Column 9 | L1: Sample description | M1: Flow rate (LPM) | N1: Sampling time (min) | O1: Sample description | P1: Plant species | Q1: Sampling method | R1: Organs sampled | S1: Site description | T1: Sampling method | U1: Sampling area (cm^2) | V1: Substrate description | W1: Substrate description | X1: Depth minimum (cm) | Y1: Depth maximum (cm) | Z1: Vegetation | AA1: Material | AB1: SourceSink | AC1: SourceSinkID
A2: 45674.692 | B2: NC25 | C2: 9 | D2: GLF_DOWNSTRM_GRASS-1 | E2: Julian Liber | F2: Plant | G2: 35.6232978, -82.3304456 | P2: Turf grass | Q2: Material in tube | R2: Leaves | S2: Lawn, 3m from creek, South of building | AA2: Plant | AB2: Source | AC2: {=VLOOKUP(INDEX(_xlfn.TEXTSPLIT(D2, "_"), 1), Sheet2!A$1:B$3, 2, FALSE)} -> 2
A3: 45674.624 | B3: NC25 | C3: 11 | D3: PW_RIVERPROX_HERB-1 | E3: Julian Liber | F3: Plant | G3: 35°36′44″ N 82°19′16″ W | P3: Hairy bitter cress | Q3: Material in tube | R3: Leaves | S3: Near building public works, near river | AA3: Plant | AB3: Source | AC3: {=VLOOKUP(INDEX(_xlfn.TEXTSPLIT(D3, "_"), 1), Sheet2!A$1:B$3, 2, FALSE)} -> 1
A4: 45674.74 | B4: NC25 | C4: 12 | D4: VP_FLOOD_SHRUB-1 | E4: Julian Liber | F4: Plant | G4: 35.6074252, -82.3381415 | P4: Lonicera sp | Q4: Material in tube | R4: Leaves | S4: Fence, likely flooded | AA4: Plant | AB4: Source | AC4: {=VLOOKUP(INDEX(_xlfn.TEXTSPLIT(D4, "_"), 1), Sheet2!A$1:B$3, 2, FALSE)} -> 3
A5: 45674.598 | B5: NC25 | C5: 14 | D5: PW_HILLSIDE_HERB-1 | E5: Julian Liber | F5: Plant | G5: 35°36′48″ N 82°19′15″ W | P5: White clover | Q5: Material in tube | R5: Leaves | S5: Side of public works | AA5: Plant | AB5: Source | AC5: {=VLOOKUP(INDEX(_xlfn.TEXTSPLIT(D5, "_"), 1), Sheet2!A$1:B$3, 2, FALSE)} -> 1
A6: 45674.694 | B6: NC25 | C6: 15 | D6: GLF_DWNSTRM_RIVERDIST_3M_HERB-1 | E6: Julian Liber | F6: Plant | G6: 35.6232978, -82.3304456 | P6: Glechoma hederacea | Q6: Material in tube | R6: Leaves | S6: Lawn, 3m from creek, south of building | AA6: Plant | AB6: Source | AC6: {=VLOOKUP(INDEX(_xlfn.TEXTSPLIT(D6, "_"), 1), Sheet2!A$1:B$3, 2, FALSE)} -> 2
A7: 45674.738 | B7: NC25 | C7: 17 | D7: VP_FLOOD_HERB-1 | E7: Julian Liber | F7: Plant | G7: 35.6074252, -82.3381415 | P7: English ivy | Q7: Material in tube | R7: Leaves | S7: On ground, flooded | AA7: Plant | AB7: Source | AC7: {=VLOOKUP(INDEX(_xlfn.TEXTSPLIT(D7, "_"), 1), Sheet2!A$1:B$3, 2, FALSE)} -> 3
A8: 45674.685 | B8: NC25 | C8: 18 | D8: GLF_RIVERDIST_45M_HERB-1 | E8: Julian Liber | F8: Plant | G8: 35.6236532, -82.3301469 | P8: White clover | Q8: Material in tube | R8: Leaves | S8: Lawn, 45m from creek, low area with sediment | AA8: Plant | AB8: Source | AC8: {=VLOOKUP(INDEX(_xlfn.TEXTSPLIT(D8, "_"), 1), Sheet2!A$1:B$3, 2, FALSE)} -> 2
A9: 45674.686 | B9: NC25 | C9: 19 | D9: GLF_RIVERDIST_45M_GRASS-1 | E9: Julian Liber | F9: Plant | G9: 35.6236532, -82.3301469 | P9: Turf grass | Q9: Material in tube | R9: Leaves | S9: Lawn, 45m from creek, low area with sediment | AA9: Plant | AB9: Source | AC9: {=VLOOKUP(INDEX(_xlfn.TEXTSPLIT(D9, "_"), 1), Sheet2!A$1:B$3, 2, FALSE)} -> 2
A10: 45674.673 | B10: NC25 | C10: 22 | D10: GLF_UPSTRM_RIVERDIST_4M_GRASS-1 | E10: Julian Liber | F10: Plant | G10: 35.6237870, -82.3307132 | P10: Turf grass | Q10: Material in tube | R10: Leaves | S10: ~4 m from creek, North of the building | AA10: Plant | AB10: Source | AC10: {=VLOOKUP(INDEX(_xlfn.TEXTSPLIT(D10, "_"), 1), Sheet2!A$1:B$3, 2, FALSE)} -> 2
A11: 45674.737 | B11: NC25 | C11: 66 | D11: VP_DRY_HERB-1 | E11: Julian Liber | F11: Plant | G11: 35.6074252, -82.3381415 | P11: English ivy | Q11: Material in tube | R11: Leaves | S11: On tree, 6ft off ground | AA11: Plant | AB11: Source | AC11: {=VLOOKUP(INDEX(_xlfn.TEXTSPLIT(D11, "_"), 1), Sheet2!A$1:B$3, 2, FALSE)} -> 3
A12: 45674.677 | B12: NC25 | C12: 69 | D12: GLF_UPSTRM_RIVERDIST_HERB-1 | E12: Julian Liber | F12: Plant | G12: 35.6238576, -82.3304302 | P12: White clover | Q12: Material in tube | R12: Leaves | S12: Lawn, 15m from creek | AA12: Plant | AB12: Source | AC12: {=VLOOKUP(INDEX(_xlfn.TEXTSPLIT(D12, "_"), 1), Sheet2!A$1:B$3, 2, FALSE)} -> 2
A13: 45674.744 | B13: NC25 | C13: 70 | D13: VP_DWNSTRM_HERB-1 | E13: Julian Liber | F13: Plant | G13: 35.6078927, -82.3382391 | P13: Hairy bittercress | Q13: Material in tube | R13: Leaves | S13: Flooded, next to ditch, adjacent to parking lot and baseball fields | AA13: Plant | AB13: Source | AC13: {=VLOOKUP(INDEX(_xlfn.TEXTSPLIT(D13, "_"), 1), Sheet2!A$1:B$3, 2, FALSE)} -> 3
... A17: 45674.68 | B17: NC25 | C17: 81 | D17: GLF_RIVERDIST_85M_HERB-1 | E17: Julian Liber | F17: Plant | G17: 35.6239652, -82.3298471 | P17: medicago | Q17: Material in tube | R17: Leaves | S17: Lawn, 80m from creek | AA17: Plant | AB17: Source | AC17: {=VLOOKUP(INDEX(_xlfn.TEXTSPLIT(D17, "_"), 1), Sheet2!A$1:B$3, 2, FALSE)} -> 2
A18: 45674.662 | B18: NC25 | C18: 86 | D18: PW_DRYWALL_INNER-1 | E18: Vesper Fraunfelter | F18: Built surface | G18: 35°36′46.8″N, 82°19′13″W | T18: Swab | V18: Dry wall (inner) | AA18: Drywall | AB18: Sink | AC18: {=VLOOKUP(INDEX(_xlfn.TEXTSPLIT(D18, "_"), 1), Sheet2!A$1:B$3, 2, FALSE)} -> 1
A19: 45674.663 | B19: NC25 | C19: 87 | D19: PW_DRYWALL_ADHESIVE-1 | E19: Vesper Fraunfelter | F19: Built surface | G19: 35°36′46.8″N, 82°19′13″W | T19: Swab | V19: Drywall-insulation adhesive | AA19: Drywall | AB19: Sink | AC19: {=VLOOKUP(INDEX(_xlfn.TEXTSPLIT(D19, "_"), 1), Sheet2!A$1:B$3, 2, FALSE)} -> 1
A20: 45674.664 | B20: NC25 | C20: 88 | D20: PW_CONCRETE_FLOOD-1 | E20: Vesper Fraunfelter | F20: Built surface | G20: 35°36′46.8″N, 82°19′13″W | T20: Swab | V20: Concrete (ground) | AA20: Concrete | AB20: Sink | AC20: {=VLOOKUP(INDEX(_xlfn.TEXTSPLIT(D20, "_"), 1), Sheet2!A$1:B$3, 2, FALSE)} -> 1
A21: 45674.664 | B21: NC25 | C21: 89 | D21: PW_METAL_FLOOD-1 | E21: Vesper Fraunfelter | F21: Built surface | G21: 35°36′46.8″N, 82°19′13″W | T21: Swab | V21: Metal (flooded) | AA21: Metal | AB21: Sink | AC21: {=VLOOKUP(INDEX(_xlfn.TEXTSPLIT(D21, "_"), 1), Sheet2!A$1:B$3, 2, FALSE)} -> 1
A22: 45674.665 | B22: NC25 | C22: 90 | D22: PW_PLASTIC_FLOOD-1 | E22: Vesper Fraunfelter | F22: Built surface | G22: 35°36′47″N, 82°19′14.4″W | T22: Swab | V22: Dust on plastic bin | AA22: Plastic | AB22: Sink | AC22: {=VLOOKUP(INDEX(_xlfn.TEXTSPLIT(D22, "_"), 1), Sheet2!A$1:B$3, 2, FALSE)} -> 1
A23: 45674.666 | B23: NC25 | C23: 91 | D23: PW_METAL_FLOOD-2 | E23: Vesper Fraunfelter | F23: Built surface | G23: 35°36′48.8″N, 82°19′15.3″W | T23: Swab | V23: Metal studs with coloration | AA23: Metal | AB23: Sink | AC23: {=VLOOKUP(INDEX(_xlfn.TEXTSPLIT(D23, "_"), 1), Sheet2!A$1:B$3, 2, FALSE)} -> 1
A24: 45674.666 | B24: NC25 | C24: 92 | D24: PW_CONCRETE_FLOOD-2 | E24: Vesper Fraunfelter | F24: Built surface | G24: 35°36′48.1″N, 82°19′15.1″W | T24: Swab | U24: Small | V24: Concrete between metal walls | AA24: Concrete | AB24: Sink | AC24: {=VLOOKUP(INDEX(_xlfn.TEXTSPLIT(D24, "_"), 1), Sheet2!A$1:B$3, 2, FALSE)} -> 1
A25: 45674.77 | B25: NC25 | C25: 93 | D25: PW_WOOD_CLEANED-1 | E25: Vesper Fraunfelter | F25: Built surface | G25: 35°36′47.2″N, 82°19′15.4″W | T25: Swab | V25: Coloration on cleaned wood | AA25: Wood | AB25: Sink | AC25: {=VLOOKUP(INDEX(_xlfn.TEXTSPLIT(D25, "_"), 1), Sheet2!A$1:B$3, 2, FALSE)} -> 1
A26: 45674.616 | B26: NC25 | C26: 94 | D26: PW_PORCEL_SINK-1 | E26: Andrew Jones | F26: Built surface | G26: 35°36′49″ N 82°19′12″ W | T26: Swab | V26: Men’s restroom sink right | AA26: Ceramic | AB26: Sink | AC26: {=VLOOKUP(INDEX(_xlfn.TEXTSPLIT(D26, "_"), 1), Sheet2!A$1:B$3, 2, FALSE)} -> 1
A27: 45674.772 | B27: NC25 | C27: 96 | D27: PW_PVC_DRAIN_OUTER-1 | E27: Vesper Fraunfelter | F27: Built surface | G27: 35°36′47.7″N, 82°19′12.8″W | T27: Swab | V27: PVC toilet drain (outer) | AA27: Plastic | AB27: Sink | AC27: {=VLOOKUP(INDEX(_xlfn.TEXTSPLIT(D27, "_"), 1), Sheet2!A$1:B$3, 2, FALSE)} -> 1
A28: 45674.773 | B28: NC25 | C28: 97 | D28: PW_WOOD_SINK-1 | E28: Vesper Fraunfelter | F28: Built surface | G28: 35°36′47.7″N, 82°19′12.8″W | T28: Swab | V28: Bathroom sink frame (wood) | AA28: Wood | AB28: Sink | AC28: {=VLOOKUP(INDEX(_xlfn.TEXTSPLIT(D28, "_"), 1), Sheet2!A$1:B$3, 2, FALSE)} -> 1
A29: 45674.775 | B29: NC25 | C29: 98 | D29: PW_PLASTIC_FLOOD-2 | E29: Vesper Fraunfelter | F29: Built surface | G29: 35°36′47.2″N, 82°19′13.2″W | T29: Swab | V29: Mop basin (plastic?) | AA29: Plastic | AB29: Sink | AC29: {=VLOOKUP(INDEX(_xlfn.TEXTSPLIT(D29, "_"), 1), Sheet2!A$1:B$3, 2, FALSE)} -> 1
A30: 45674.62 | B30: NC25 | C30: 99 | D30: PW_BATHROOM-1 | E30: Andrew Jones | F30: Built surface | G30: 35°36′49″ N 82°19′12″ W | T30: Swab | V30: Women’s restroom right | AA30: Unknown | AB30: Sink | AC30: {=VLOOKUP(INDEX(_xlfn.TEXTSPLIT(D30, "_"), 1), Sheet2!A$1:B$3, 2, FALSE)} -> 1
A31: 45674.62 | B31: NC25 | C31: 100 | D31: PW_BATHROOM-2 | E31: Andrew Jones | F31: Built surface | G31: 35°36′49″ N 82°19′12″ W | T31: Swab | V31: Women’s restroom left | AA31: Unknown | AB31: Sink | AC31: {=VLOOKUP(INDEX(_xlfn.TEXTSPLIT(D31, "_"), 1), Sheet2!A$1:B$3, 2, FALSE)} -> 1
A32: 45674.77 | B32: NC25 | C32: 101 | D32: PW_WOOD_DRY-1 | E32: Vesper Fraunfelter | F32: Built surface | G32: 35°36′47.2″N, 82°19′15.4″W | T32: Swab | U32: 10 | V32: Unflooded wood stud | AA32: Wood | AB32: Sink | AC32: {=VLOOKUP(INDEX(_xlfn.TEXTSPLIT(D32, "_"), 1), Sheet2!A$1:B$3, 2, FALSE)} -> 1
A33: 45674.771 | B33: NC25 | C33: 102 | D33: PW_DRYWALL_DRY-1 | E33: Vesper Fraunfelter | F33: Built surface | G33: 35°36′47.2″N, 82°19′15.4″W | T33: Swab | U33: 10 | V33: Unflooded drywall | AA33: Drywall | AB33: Sink | AC33: {=VLOOKUP(INDEX(_xlfn.TEXTSPLIT(D33, "_"), 1), Sheet2!A$1:B$3, 2, FALSE)} -> 1
A34: 45674.776 | B34: NC25 | C34: 103 | D34: PW_PVC_WATERLINE-1 | E34: Vesper Fraunfelter | F34: Built surface | G34: 35°36′48″ N 82°19′14″ W | T34: Swab | V34: PVC water line with caked on mud | AA34: Plastic | AB34: Sink | AC34: {=VLOOKUP(INDEX(_xlfn.TEXTSPLIT(D34, "_"), 1), Sheet2!A$1:B$3, 2, FALSE)} -> 1
A35: 45674.626 | B35: NC25 | C35: 104 | D35: PW_KTCH_DRAIN_INNER-1 | E35: Andrew Jones | F35: Built surface | G35: 35°36′47″ N 82°19′12″ W | T35: Swab | V35: Kitchen inner drain | AA35: Metal | AB35: Sink | AC35: {=VLOOKUP(INDEX(_xlfn.TEXTSPLIT(D35, "_"), 1), Sheet2!A$1:B$3, 2, FALSE)} -> 1
A36: 45674.628 | B36: NC25 | C36: 105 | D36: PW_KTCH_DRAIN_EXT-1 | E36: Andrew Jones | F36: Built surface | G36: 35°36′47″ N 82°19′12″ W | T36: Swab | V36: Kitchen sink exterior | AA36: Metal | AB36: Sink | AC36: {=VLOOKUP(INDEX(_xlfn.TEXTSPLIT(D36, "_"), 1), Sheet2!A$1:B$3, 2, FALSE)} -> 1
A37: 45674.637 | B37: NC25 | C37: 106 | D37: PW_DOOR-1 | E37: Andrew Jones | F37: Built surface | G37: 35°36′48″ N 82°19′14″ W | T37: Swab | U37: Rockey | V37: Removed door | AA37: Unknown | AB37: Sink | AC37: {=VLOOKUP(INDEX(_xlfn.TEXTSPLIT(D37, "_"), 1), Sheet2!A$1:B$3, 2, FALSE)} -> 1
A38: 45674.643 | B38: NC25 | C38: 107 | D38: PW_WALL_DRY-1 | E38: Andrew Jones | F38: Built surface | G38: 35°36′47″ N 82°19′12″ W | T38: Swab | V38: Stair wall | AA38: Drywall | AB38: Sink | AC38: {=VLOOKUP(INDEX(_xlfn.TEXTSPLIT(D38, "_"), 1), Sheet2!A$1:B$3, 2, FALSE)} -> 1
A39: 45674.699 | B39: NC25 | C39: 108 | D39: PW_GLASS_INT-1 | E39: Andrew Jones | F39: Built surface | G39: 35°37′26″ N 82°19′47″ W | T39: Swab | U39: Rockey | V39: Interior glass | AA39: Glass | AB39: Sink | AC39: {=VLOOKUP(INDEX(_xlfn.TEXTSPLIT(D39, "_"), 1), Sheet2!A$1:B$3, 2, FALSE)} -> 1
A40: 45674.639 | B40: NC25 | C40: 109 | D40: PW_GLASS_STORED-1 | E40: Andrew Jones | F40: Built surface | G40: 35°36′48″ N 82°19′14″ W | T40: Swab | U40: Rockey | V40: Stored glass | AA40: Glass | AB40: Sink | AC40: {=VLOOKUP(INDEX(_xlfn.TEXTSPLIT(D40, "_"), 1), Sheet2!A$1:B$3, 2, FALSE)} -> 1
A41: 45674.774 | B41: NC25 | C41: 110 | D41: PW_CEILINGTILE-1 | E41: Vesper Fraunfelter | F41: Built surface | G41: 35°36′47.7″N, 82°19′12.8″W | T41: Swab | U41: 10 | V41: Ceiling tile top (fiberglass product) | AA41: Fiberglass | AB41: Sink | AC41: {=VLOOKUP(INDEX(_xlfn.TEXTSPLIT(D41, "_"), 1), Sheet2!A$1:B$3, 2, FALSE)} -> 1
A42: 45674.777 | B42: NC25 | C42: 111 | D42: PW_CINDERBLOCK_FLOOD-1 | E42: Vesper Fraunfelter | F42: Built surface | G42: 35°36′47.2″N, 82°19′15.4″W | T42: Swab | U42: 10 | V42: Cinderblock (flooded) | AA42: Concrete | AB42: Sink | AC42: {=VLOOKUP(INDEX(_xlfn.TEXTSPLIT(D42, "_"), 1), Sheet2!A$1:B$3, 2, FALSE)} -> 1
A43: 45674.778 | B43: NC25 | C43: 112 | D43: PW_METAL_DRAIN_FLOOD-1 | E43: Vesper Fraunfelter | F43: Built surface | G43: 35°36′46.5″N, 82°19′15.4″W | T43: Swab | V43: Metal lid to drain pipe; inside of lid. Wet. | AA43: Metal | AB43: Sink | AC43: {=VLOOKUP(INDEX(_xlfn.TEXTSPLIT(D43, "_"), 1), Sheet2!A$1:B$3, 2, FALSE)} -> 1
A44: 45674.689 | B44: NC25 | C44: 113 | D44: GLF_PTRAP-1 | E44: Andrew Jones | F44: Built surface | G44: 35°37′25″ N 82°19′47″ W | T44: Swab | V44: Inside ptrap | AA44: Plastic | AB44: Sink | AC44: {=VLOOKUP(INDEX(_xlfn.TEXTSPLIT(D44, "_"), 1), Sheet2!A$1:B$3, 2, FALSE)} -> 2
A45: 45674.69 | B45: NC25 | C45: 114 | D45: GLF_DOOR_INT-1 | E45: Andrew Jones | F45: Built surface | G45: 35°37′25″ N 82°19′47″ W | T45: Swab | U45: Rockey | V45: Interior door | AA45: Unknown | AB45: Sink | AC45: {=VLOOKUP(INDEX(_xlfn.TEXTSPLIT(D45, "_"), 1), Sheet2!A$1:B$3, 2, FALSE)} -> 2
A46: 45674.69 | B46: NC25 | C46: 115 | D46: GLF_MOLD-1 | E46: Erica Washington | F46: Built surface | G46: 35°37′25″ N 82°19′49″ W | T46: Swab | V46: Black mold | AB46: Sink | AC46: {=VLOOKUP(INDEX(_xlfn.TEXTSPLIT(D46, "_"), 1), Sheet2!A$1:B$3, 2, FALSE)} -> 2
A47: 45674.698 | B47: NC25 | C47: 116 | D47: GLF_DOOR_INT-2 | E47: Erica Washington | F47: Built surface | G47: 35°37′25″ N 82°19′49″ W | T47: Swab | V47: Inside door near unit golf course | AB47: Sink | AC47: {=VLOOKUP(INDEX(_xlfn.TEXTSPLIT(D47, "_"), 1), Sheet2!A$1:B$3, 2, FALSE)} -> 2
A48: 45674.698 | B48: NC25 | C48: 117 | D48: GLF_MOLD-2 | E48: Erica Washington | F48: Built surface | G48: 35°37′25″ N 82°19′49″ W | T48: Swab | V48: Pink fungus on door inside golf course near unit, below flood libr | AB48: Sink | AC48: {=VLOOKUP(INDEX(_xlfn.TEXTSPLIT(D48, "_"), 1), Sheet2!A$1:B$3, 2, FALSE)} -> 2
A49: 45674.69 | B49: NC25 | C49: 118 | D49: GLF_MOLD-3 | E49: Erica Washington | F49: Built surface | G49: 35°37′25″ N 82°19′49″ W | T49: Swab | V49: Fuzzy mold whitish low on wall | AB49: Sink | AC49: {=VLOOKUP(INDEX(_xlfn.TEXTSPLIT(D49, "_"), 1), Sheet2!A$1:B$3, 2, FALSE)} -> 2
A50: 45674.689 | B50: NC25 | C50: 119 | D50: GLF_MOLD-4 | E50: Erica Washington | F50: Built surface | G50: 35°37′25″ N 82°19′49″ W | T50: Swab | U50: One spot | V50: Yellow mold | AB50: Sink | AC50: {=VLOOKUP(INDEX(_xlfn.TEXTSPLIT(D50, "_"), 1), Sheet2!A$1:B$3, 2, FALSE)} -> 2
A51: 45674.781 | B51: NC25 | C51: 120 | D51: GLF_WOOD_MOLDY-1 | E51: Vesper Fraunfelter | F51: Built surface | G51: 35.6236240, -82.3302575 | T51: Swab | U51: 10 | V51: Wood wall with fuzzy white growth | AA51: Wood | AB51: Sink | AC51: {=VLOOKUP(INDEX(_xlfn.TEXTSPLIT(D51, "_"), 1), Sheet2!A$1:B$3, 2, FALSE)} -> 2
A52: 45674.699 | B52: NC25 | C52: 121 | D52: GLF_MOLD-5 | E52: Erica Washington | F52: Built surface | G52: 35°37′25″ N 82°19′49″ W | T52: Swab | V52: Pink fungus door inside door in golf unit | AB52: Sink | AC52: {=VLOOKUP(INDEX(_xlfn.TEXTSPLIT(D52, "_"), 1), Sheet2!A$1:B$3, 2, FALSE)} -> 2
A53: 45674.781 | B53: NC25 | C53: 122 | D53: GLF_WOOD_MOLDY-2 | E53: Vesper Fraunfelter | F53: Built surface | G53: 35.6236240, -82.3302575 | T53: Swab | U53: 10 | V53: Wood wall, multicolored growth (directly above sample NC25-120) | AA53: Wood | AB53: Sink | AC53: {=VLOOKUP(INDEX(_xlfn.TEXTSPLIT(D53, "_"), 1), Sheet2!A$1:B$3, 2, FALSE)} -> 2
A54: 45674.784 | B54: NC25 | C54: 123 | D54: GLF_WOOD_MOLDY-3 | E54: Vesper Fraunfelter | F54: Built surface | G54: 35.6236240, -82.3302575 | T54: Swab | U54: 10 | V54: Wood wall with large green splotches | AA54: Wood | AB54: Sink | AC54: {=VLOOKUP(INDEX(_xlfn.TEXTSPLIT(D54, "_"), 1), Sheet2!A$1:B$3, 2, FALSE)} -> 2
A55: 45674.782 | B55: NC25 | C55: 124 | D55: GLF_WOOD_MOLDY-4 | E55: Vesper Fraunfelter | F55: Built surface | G55: 35.6236240, -82.3302575 | T55: Swab | U55: 10 | V55: Wood wall, multicolored growth by front door | AA55: Wood | AB55: Sink | AC55: {=VLOOKUP(INDEX(_xlfn.TEXTSPLIT(D55, "_"), 1), Sheet2!A$1:B$3, 2, FALSE)} -> 2
A56: 45674.783 | B56: NC25 | C56: 125 | D56: GLF_WOOD_MOLDY-5 | E56: Vesper Fraunfelter | F56: Built surface | G56: 35.6236240, -82.3302575 | T56: Swab | U56: 10 | V56: Wood wall, multicolor growth | AA56: Wood | AB56: Sink | AC56: {=VLOOKUP(INDEX(_xlfn.TEXTSPLIT(D56, "_"), 1), Sheet2!A$1:B$3, 2, FALSE)} -> 2
A57: 45674.785 | B57: NC25 | C57: 126 | D57: GLF_METAL_MUDDY-1 | E57: Vesper Fraunfelter | F57: Built surface | G57: 35.6236240, -82.3302575 | T57: Swab | U57: 10 | V57: Sheet metal wall below flood line, covered with chunks of dirt | AA57: Metal | AB57: Sink | AC57: {=VLOOKUP(INDEX(_xlfn.TEXTSPLIT(D57, "_"), 1), Sheet2!A$1:B$3, 2, FALSE)} -> 2
A58: 45674.783 | B58: NC25 | C58: 127 | D58: GLF_WOOD_MOLDY-6 | E58: Vesper Fraunfelter | F58: Built surface | G58: 35.6236240, -82.3302575 | T58: Swab | U58: 10 | V58: Wood(?) panel by front door, multicolored growth more intense than surrounding wall | AA58: Wood | AB58: Sink | AC58: {=VLOOKUP(INDEX(_xlfn.TEXTSPLIT(D58, "_"), 1), Sheet2!A$1:B$3, 2, FALSE)} -> 2
A59: 45674.784 | B59: NC25 | C59: 128 | D59: GLF_METAL_DRY-1 | E59: Vesper Fraunfelter | F59: Built surface | G59: 35.6236240, -82.3302575 | T59: Swab | U59: 10 | V59: Steel beam | AA59: Metal | AB59: Sink | AC59: {=VLOOKUP(INDEX(_xlfn.TEXTSPLIT(D59, "_"), 1), Sheet2!A$1:B$3, 2, FALSE)} -> 2
A60: 45674.786 | B60: NC25 | C60: 129 | D60: GLF_WOOD_OILY_MOLDY-1 | E60: Vesper Fraunfelter | F60: Built surface | G60: 35.6236240, -82.3302575 | T60: Swab | U60: 10 | V60: Wood wall with suspected oil/grease patch, white growth | AA60: Wood | AB60: Sink | AC60: {=VLOOKUP(INDEX(_xlfn.TEXTSPLIT(D60, "_"), 1), Sheet2!A$1:B$3, 2, FALSE)} -> 2
A61: 45674.787 | B61: NC25 | C61: 130 | D61: GLF_METAL_EXT-1 | E61: Vesper Fraunfelter | F61: Built surface | G61: 35.6236240, -82.3302575 | T61: Swab | V61: Sheet metal wall with green growth, outside of building | AA61: Metal | AB61: Sink | AC61: {=VLOOKUP(INDEX(_xlfn.TEXTSPLIT(D61, "_"), 1), Sheet2!A$1:B$3, 2, FALSE)} -> 2
A62: 45674.786 | B62: NC25 | C62: 131 | D62: GLF_CLOTH_MOLDY-1 | E62: Vesper Fraunfelter | F62: Built surface | G62: 35.6236240, -82.3302575 | T62: Swab | U62: 10 | V62: Cloth wall covering insulation, multicolored growth | AA62: Cloth | AB62: Sink | AC62: {=VLOOKUP(INDEX(_xlfn.TEXTSPLIT(D62, "_"), 1), Sheet2!A$1:B$3, 2, FALSE)} -> 2
A63: 45674.755 | B63: NC25 | C63: 145 | D63: VP_SINK_DRAIN_INT-1 | E63: Andrew Jones | F63: Built surface | G63: 35°36′29″ N 82°20′13″ W | T63: Swab | V63: Interior sink drain | AA63: Metal | AB63: Sink | AC63: {=VLOOKUP(INDEX(_xlfn.TEXTSPLIT(D63, "_"), 1), Sheet2!A$1:B$3, 2, FALSE)} -> 3
A64: 45674.793 | B64: NC25 | C64: 154 | D64: VP_WOOD_MOLDY-1 | E64: Vesper Fraunfelter | F64: Built surface | G64: 35.6081050, -82.3381995 | T64: Swab | V64: Plywood wall, dark green spots | AA64: Wood | AB64: Sink | AC64: {=VLOOKUP(INDEX(_xlfn.TEXTSPLIT(D64, "_"), 1), Sheet2!A$1:B$3, 2, FALSE)} -> 3
A65: 45674.758 | B65: NC25 | C65: 158 | D65: VP_WOOD_FLOOD-1 | E65: Vesper Fraunfelter | F65: Built surface | G65: 35.6084815, -82.3371505 | T65: Swab | U65: 100 | V65: Flooded wood beam | AA65: Wood | AB65: Sink | AC65: {=VLOOKUP(INDEX(_xlfn.TEXTSPLIT(D65, "_"), 1), Sheet2!A$1:B$3, 2, FALSE)} -> 3
A66: 45674.759 | B66: NC25 | C66: 167 | D66: VP_PAPER_MUDDY-1 | E66: Vesper Fraunfelter | F66: Built surface | G66: 35.6084815, -82.3371505 | T66: Swab | U66: 50 | V66: Cardboard box in cabinet, dry, layer of dust/mud. | AA66: Paper | AB66: Sink | AC66: {=VLOOKUP(INDEX(_xlfn.TEXTSPLIT(D66, "_"), 1), Sheet2!A$1:B$3, 2, FALSE)} -> 3
A67: 45674.794 | B67: NC25 | C67: 172 | D67: VP_PVC_FLOOD-1 | E67: Vesper Fraunfelter | F67: Built surface | G67: 35.6081050, -82.3381995 | T67: Swab | V67: PVC pipe, outer | AA67: Plastic | AB67: Sink | AC67: {=VLOOKUP(INDEX(_xlfn.TEXTSPLIT(D67, "_"), 1), Sheet2!A$1:B$3, 2, FALSE)} -> 3
A68: 45674.759 | B68: NC25 | C68: 176 | D68: VP_METAL_DRY-1 | E68: Andrew Jones | F68: Built surface | G68: 35°36′29″ N 82°20′13″ W | T68: Swab | V68: Second floor concession stand vertical beam | AA68: Metal | AB68: Sink | AC68: {=VLOOKUP(INDEX(_xlfn.TEXTSPLIT(D68, "_"), 1), Sheet2!A$1:B$3, 2, FALSE)} -> 3
A69: 45674.756 | B69: NC25 | C69: 180 | D69: VP_CINDERBLOCK_DRY-1 | E69: Vesper Fraunfelter | F69: Built surface | G69: 35.6084815, -82.3371505 | T69: Swab | U69: 100 | V69: Cinderblock wall inside concession stand, 8ft above ground, inside, possible mold | AA69: Concrete | AB69: Sink | AC69: {=VLOOKUP(INDEX(_xlfn.TEXTSPLIT(D69, "_"), 1), Sheet2!A$1:B$3, 2, FALSE)} -> 3
A70: 45674.754 | B70: NC25 | C70: 202 | D70: VP_MUD_OUTSIDE-1 | E70: Erica Washington | F70: Indoor mud | G70: 35°36′31″ N 82°20′14″ W | O70: Mud outside concession | AA70: Soil | AB70: Source | AC70: {=VLOOKUP(INDEX(_xlfn.TEXTSPLIT(D70, "_"), 1), Sheet2!A$1:B$3, 2, FALSE)} -> 3
A71: 45674.753 | B71: NC25 | C71: 203 | D71: VP_MUD_TOLIET-1 | E71: Erica Washington | F71: Indoor mud | G71: 35°36′31″ N 82°20′14″ W | O71: Mud inside toilet concession stand | AA71: Soil | AB71: Sink | AC71: {=VLOOKUP(INDEX(_xlfn.TEXTSPLIT(D71, "_"), 1), Sheet2!A$1:B$3, 2, FALSE)} -> 3
A72: 45674.742 | B72: NC25 | C72: 204 | D72: VP_MUD_PLAYGROUND-1 | E72: Erica Washington | F72: Soil | G72: 35°36′28″ N 82°20′20″ W | W72: Mud inside Playground | Z72: None | AA72: Soil | AB72: Source | AC72: {=VLOOKUP(INDEX(_xlfn.TEXTSPLIT(D72, "_"), 1), Sheet2!A$1:B$3, 2, FALSE)} -> 3
A73: 45674.744 | B73: NC25 | C73: 204 | D73: VP_MUD_PLAYGROUND-2 | E73: Erica Washington | F73: Soil | G73: 35°36′28″ N 82°20′20″ W | W73: Playground mud | Z73: No | AA73: Soil | AB73: Source | AC73: {=VLOOKUP(INDEX(_xlfn.TEXTSPLIT(D73, "_"), 1), Sheet2!A$1:B$3, 2, FALSE)} -> 3
A74: 45674.718 | B74: NC25 | C74: 208 | D74: GLF_DWNSTRM_16M_RIVERDIST_2M_0CM | E74: Julian Liber | F74: Soil | G74: 35.6231907, -82.3303913 | W74: Lawn, 2 m from creek, vegetation, next to sediment | X74: 0 | Y74: 2 | Z74: Turf, clover | AA74: Soil | AB74: Source | AC74: {=VLOOKUP(INDEX(_xlfn.TEXTSPLIT(D74, "_"), 1), Sheet2!A$1:B$3, 2, FALSE)} -> 2
A75: 45674.717 | B75: NC25 | C75: 209 | D75: GLF_DWNSTRM_16M_RIVERDIST_2M_2CM | E75: Julian Liber | F75: Soil | G75: 35.6231907, -82.3303913 | W75: Lawn, 2 m from creek, vegetation, next to sediment | X75: 2 | Y75: 10 | Z75: Turf, clover | AA75: Soil | AB75: Source | AC75: {=VLOOKUP(INDEX(_xlfn.TEXTSPLIT(D75, "_"), 1), Sheet2!A$1:B$3, 2, FALSE)} -> 2
A76: 45674.716 | B76: NC25 | C76: 210 | D76: GLF_DWNSTRM_16M_RIVERDIST_2M_10CM | E76: Julian Liber | F76: Soil | G76: 35.6231907, -82.3303913 | W76: Lawn, 2 m from creek, vegetation, next to sediment | X76: 10 | Y76: 12 | Z76: Turf, clover | AA76: Soil | AB76: Source | AC76: {=VLOOKUP(INDEX(_xlfn.TEXTSPLIT(D76, "_"), 1), Sheet2!A$1:B$3, 2, FALSE)} -> 2
A77: 45674.712 | B77: NC25 | C77: 211 | D77: GLF_DWNSTRM_0M_RIVERDIST_58M_2CM | E77: Julian Liber | F77: Soil | G77: 35.6235801, -82.3299464 | W77: Lawn, 58m from creek, 6m from end of culvert | X77: 2 | Y77: 6 | Z77: Turf, clover, chickweed | AA77: Soil | AB77: Source | AC77: {=VLOOKUP(INDEX(_xlfn.TEXTSPLIT(D77, "_"), 1), Sheet2!A$1:B$3, 2, FALSE)} -> 2
A78: 45674.71 | B78: NC25 | C78: 212 | D78: GLF_UPSTRM_10M_RIVERDIST_58M_2CM | E78: Julian Liber | F78: Soil | G78: 35.6238717, -82.3301308 | W78: Lawn, near road, 190ft from creek | X78: 2 | Y78: 6 | Z78: Turf, clover | AA78: Soil | AB78: Source | AC78: {=VLOOKUP(INDEX(_xlfn.TEXTSPLIT(D78, "_"), 1), Sheet2!A$1:B$3, 2, FALSE)} -> 2
A79: 45674.709 | B79: NC25 | C79: 213 | D79: GLF_UPSTRM_10M_RIVERDIST_58M_0CM | E79: Julian Liber | F79: Soil | G79: 35.6238717, -82.3301308 | W79: Lawn, 190ft from creek, next to road | X79: 0 | Y79: 2 | Z79: Turf, clover | AA79: Soil | AB79: Source | AC79: {=VLOOKUP(INDEX(_xlfn.TEXTSPLIT(D79, "_"), 1), Sheet2!A$1:B$3, 2, FALSE)} -> 2
A80: 45674.707 | B80: NC25 | C80: 214 | D80: GLF_UPSTRM_10M_RIVERDIST_58M_6CM | E80: Julian Liber | F80: Soil | G80: 35.6238717, -82.3301308 | W80: Lawn, next to road, 190ft to creek | X80: 6 | Y80: 8 | Z80: Turf, clover | AA80: Soil | AB80: Source | AC80: {=VLOOKUP(INDEX(_xlfn.TEXTSPLIT(D80, "_"), 1), Sheet2!A$1:B$3, 2, FALSE)} -> 2
A81: 45674.712 | B81: NC25 | C81: 215 | D81: GLF_MUD_INDOOR-1 | E81: Erica Washington | F81: Mud indoor | G81: 35°37′25″ N 82°19′47″ W | O81: Indoor mud golf | AA81: Soil | AB81: Sink | AC81: {=VLOOKUP(INDEX(_xlfn.TEXTSPLIT(D81, "_"), 1), Sheet2!A$1:B$3, 2, FALSE)} -> 2
A82: 45674.712 | B82: NC25 | C82: 216 | D82: GLF_MUD_INDOOR-2 | E82: Erica Washington | F82: Indoor mud | G82: 35°37′25″ N 82°19′47″ W | O82: Indoor mud golf | AA82: Soil | AB82: Sink | AC82: {=VLOOKUP(INDEX(_xlfn.TEXTSPLIT(D82, "_"), 1), Sheet2!A$1:B$3, 2, FALSE)} -> 2
A83: 45674.702 | B83: NC25 | C83: 217 | D83: GLF_DWNSTRM_0M_RIVERDIST_58M_0CM | E83: Julian Liber | F83: Soil | G83: 35.6235801, -82.3299464 | W83: Lawn, 58m from creek, 6m from end of culvert | X83: 0 | Y83: 2 | Z83: Turf, clover, chickweed | AA83: Soil | AB83: Source | AC83: {=VLOOKUP(INDEX(_xlfn.TEXTSPLIT(D83, "_"), 1), Sheet2!A$1:B$3, 2, FALSE)} -> 2
A84: 45674.701 | B84: NC25 | C84: 218 | D84: GLF_DWNSTRM_0M_RIVERDIST_58M_6CM | E84: Julian Liber | F84: Soil | G84: 35.6235801, -82.3299464 | W84: Lawn, 58m from creek, 6m up from end of culvert | X84: 6 | Y84: 8 | Z84: Turf, clover, chickweed | AA84: Soil | AB84: Source | AC84: {=VLOOKUP(INDEX(_xlfn.TEXTSPLIT(D84, "_"), 1), Sheet2!A$1:B$3, 2, FALSE)} -> 2
A85: 45674.696 | B85: NC25 | C85: 219 | D85: GLF_AIR_BREAKROOM-1 | E85: Andrew Jones | F85: Air sample | G85: 35°37′25″ N 82°19′47″ W | L85: Break room | M85: High flow | N85: 5 | AA85: Air | AB85: Sink | AC85: {=VLOOKUP(INDEX(_xlfn.TEXTSPLIT(D85, "_"), 1), Sheet2!A$1:B$3, 2, FALSE)} -> 2
A86: 45674.609 | B86: NC25 | C86: 220 | D86: PW_DWNSTRM_25M_RIVERDIST_40M_CYPRESS_DRY-1 | E86: Julian Liber | F86: Dry sample | G86: 35°36′48″ N 82°19′19″ W | O86: Leaves hedge above flood line | AA86: Plant | AB86: Source | AC86: {=VLOOKUP(INDEX(_xlfn.TEXTSPLIT(D86, "_"), 1), Sheet2!A$1:B$3, 2, FALSE)} -> 1
A87: 45674.652 | B87: NC25 | C87: 221 | D87: PW_PLASTIC_DOCS-1 | E87: Erica Washington | F87: Documents | G87: 35.61309,-82.32053 | O87: Plastic on file folder, covered in sediment, moist since the flood | AA87: Plastic | AB87: Sink | AC87: {=VLOOKUP(INDEX(_xlfn.TEXTSPLIT(D87, "_"), 1), Sheet2!A$1:B$3, 2, FALSE)} -> 1
A88: 45674.607 | B88: NC25 | C88: 222 | D88: PW_DWNSTRM_25M_RIVERDIST_40M_CYPRESS_FLOOD-1 | E88: Erica Washington | F88: Plant | G88: 35.61309,-82.32257 | P88: Cypress | Q88: Dry sample | R88: Leaves | S88: Hedge along fence, below flood line | AA88: Plant | AB88: Source | AC88: {=VLOOKUP(INDEX(_xlfn.TEXTSPLIT(D88, "_"), 1), Sheet2!A$1:B$3, 2, FALSE)} -> 1
A89: 45674.619 | B89: NC25 | C89: 223 | D89: PW_UPSTRM_0M_RIVERDIST_10M_2CM | E89: Julian Liber | F89: Soil | G89: 35.61209,-82.32111 | W89: River side of building, soft sediment on top | X89: 2 | Y89: 4 | Z89: Grasses and speedwell | AA89: Soil | AB89: Source | AC89: {=VLOOKUP(INDEX(_xlfn.TEXTSPLIT(D89, "_"), 1), Sheet2!A$1:B$3, 2, FALSE)} -> 1
A90: 45674.602 | B90: NC25 | C90: 224 | D90: PW_DWNSTRM_36M_RIVERDIST_57M_BARK_DRY-1 | E90: Erica Washington | F90: Plant | G90: 35.61314,-82.32259 | P90: Silver maple | Q90: Dry sample | R90: Bark | S90: Tree in grassy field next to road, above flood line | AA90: Plant | AB90: Source | AC90: {=VLOOKUP(INDEX(_xlfn.TEXTSPLIT(D90, "_"), 1), Sheet2!A$1:B$3, 2, FALSE)} -> 1
A91: 45674.618 | B91: NC25 | C91: 225 | D91: PW_UPSTRM_0M_RIVERDIST_10M_12CM | E91: Julian Liber | F91: Soil | G91: 35.6122,-82.32121 | W91: River side of building, soft sediment above, bottom of core | X91: 12 | Y91: 14 | Z91: Grasses, speedwell | AA91: Soil | AB91: Source | AC91: {=VLOOKUP(INDEX(_xlfn.TEXTSPLIT(D91, "_"), 1), Sheet2!A$1:B$3, 2, FALSE)} -> 1
A92: 45674.604 | B92: NC25 | C92: 226 | D92: PW_DWNSTRM_36M_RIVERDIST_57M_BARK_FLOOD-1 | E92: Erica Washington | F92: Plant | G92: 35.61314,-82.32259 | P92: Silver maple | Q92: Dry sample | R92: Bark | S92: Tree in grassy field next to road, below flood line | AA92: Plant | AB92: Source | AC92: {=VLOOKUP(INDEX(_xlfn.TEXTSPLIT(D92, "_"), 1), Sheet2!A$1:B$3, 2, FALSE)} -> 1
A93: 45674.651 | B93: NC25 | C93: 227 | D93: PW_PAPER_DOCS-1 | E93: Erica Washington | F93: Documents | G93: 35.61309,-82.32053 | O93: Wet papers and file folders in office, moist since the flood | AA93: Paper | AB93: Sink | AC93: {=VLOOKUP(INDEX(_xlfn.TEXTSPLIT(D93, "_"), 1), Sheet2!A$1:B$3, 2, FALSE)} -> 1
A94: 45674.705 | B94: NC25 | C94: 228 | D94: GLF_INSULATION-1 | E94: Andrew Jones | F94: Built surface | G94: 35°37′26″ N 82°19′47″ W | T94: Swab | V94: Insulation | AA94: Fiberglass | AB94: Sink | AC94: {=VLOOKUP(INDEX(_xlfn.TEXTSPLIT(D94, "_"), 1), Sheet2!A$1:B$3, 2, FALSE)} -> 2
A95: 45674.655 | B95: NC25 | C95: 229 | D95: PW_AIR_ATTIC-1 | E95: Andrew Jones | F95: Air sample | G95: 35°36′47″ N 82°19′12″ W | L95: Upstairs attic | M95: 200 | N95: 30 | AA95: Air | AB95: Sink | AC95: {=VLOOKUP(INDEX(_xlfn.TEXTSPLIT(D95, "_"), 1), Sheet2!A$1:B$3, 2, FALSE)} -> 1
A96: 45674.652 | B96: NC25 | C96: 230 | D96: PW_PAPER_DOCS-2 | E96: Erica Washington | F96: Documents | G96: 35.61309,-82.32053 | O96: File folder, wet since the flood | AA96: Paper | AB96: Sink | AC96: {=VLOOKUP(INDEX(_xlfn.TEXTSPLIT(D96, "_"), 1), Sheet2!A$1:B$3, 2, FALSE)} -> 1
A97: 45674.794 | B97: NC25 | C97: 232 | D97: VP_TOLIET_LID_MUDDY-1 | E97: Vesper Fraunfelter | F97: Built surface | G97: 35.6081050, -82.3381995 | T97: Swab | U97: 10 | V97: Toilet lid (outer), some dirt coverage | AA97: Plastic | AB97: Sink | AC97: {=VLOOKUP(INDEX(_xlfn.TEXTSPLIT(D97, "_"), 1), Sheet2!A$1:B$3, 2, FALSE)} -> 3
A98: 45674.661 | B98: NC25 | C98: 233 | D98: PW_WATER_KTCH_SINK-1 | E98: Andrew Jones | F98: Water sample | G98: 35°36′48″ N 82°19′12″ W | I98: Kitchen sink | J98: 1 L | AA98: Water | AB98: Sink | AC98: {=VLOOKUP(INDEX(_xlfn.TEXTSPLIT(D98, "_"), 1), Sheet2!A$1:B$3, 2, FALSE)} -> 1
A99: 45674.695 | B99: NC25 | C99: 234 | D99: PW_WATER_PTRAP-1 | E99: Andrew Jones | F99: Water sample | G99: 35°37′25″ N 82°19′47″ W | I99: P-trap | J99: 45 mL | AA99: Water | AB99: Sink | AC99: {=VLOOKUP(INDEX(_xlfn.TEXTSPLIT(D99, "_"), 1), Sheet2!A$1:B$3, 2, FALSE)} -> 1
A100: 45674.764 | B100: NC25 | C100: 238 | D100: VP_MUD_TOLIET-2 | E100: Andrew Jones | F100: Soil | G100: 35°36′29″ N 82°20′13″ W | W100: Concession stand toilet | AA100: Soil | AB100: Sink | AC100: {=VLOOKUP(INDEX(_xlfn.TEXTSPLIT(D100, "_"), 1), Sheet2!A$1:B$3, 2, FALSE)} -> 3
A101: 45674.765 | B101: NC25 | C101: 238 | D101: VP_MUD_SINK-1 | E101: Andrew Jones | F101: Soil | G101: 35°36′29″ N 82°20′13″ W | W101: Sink drain | AA101: Soil | AB101: Sink | AC101: {=VLOOKUP(INDEX(_xlfn.TEXTSPLIT(D101, "_"), 1), Sheet2!A$1:B$3, 2, FALSE)} -> 3

Sheet Sheet2
A1: PW | B1: 1
A2: GLF | B2: 2
A3: VP | B3: 3
